{
    "encoder_ops": {
        "eAs": -18.214405059814453,
        "eBs": [
            -15.009437561035156,
            1.4269570112228394,
            9.269634246826172,
            6.394655704498291,
            -7.905007362365723,
            15.867288589477539,
            -9.280261993408203,
            -4.3577094078063965,
            -9.782758712768555,
            -0.4391627907752991,
            4.864571571350098,
            -4.816167831420898,
            4.7726216316223145,
            -2.354764938354492,
            -1.9354400634765625,
            -4.553593635559082,
            -11.678852081298828,
            5.542488098144531,
            0.8594204783439636,
            -15.927769660949707,
            -17.590951919555664,
            9.145074844360352,
            -11.514595985412598,
            -0.9285510778427124,
            -16.89277458190918,
            -7.506150245666504,
            -3.2980778217315674,
            -13.5947904586792,
            7.692288398742676,
            0.568371593952179,
            11.919737815856934,
            0.6412333250045776,
            -8.604391098022461,
            2.2367794513702393,
            -7.660377025604248,
            -2.3059651851654053,
            -0.6667761206626892,
            -13.10791301727295,
            2.6188435554504395,
            2.912698745727539,
            -3.9757301807403564,
            7.9577813148498535,
            -6.668215751647949,
            6.277474880218506,
            -12.164073944091797,
            -2.173807382583618,
            -6.335467338562012,
            5.342380046844482,
            -10.343219757080078,
            -7.612927436828613,
            -9.325448989868164,
            0.1855536699295044,
            1.6309566497802734,
            -0.7349092364311218,
            7.560790061950684,
            8.951745986938477,
            1.214857578277588,
            7.838159084320068,
            0.5578101873397827,
            16.05992889404297,
            -7.974470138549805,
            -12.19953441619873,
            2.750251293182373,
            -5.565364360809326,
            13.527368545532227,
            -5.7886528968811035,
            -7.882951259613037,
            -13.085179328918457,
            1.8054171800613403,
            7.93164587020874,
            1.025331735610962,
            9.016592979431152,
            -6.490246295928955,
            3.2393887042999268,
            -1.1233810186386108,
            0.4715782403945923,
            4.056765079498291,
            2.7928318977355957,
            -14.004462242126465,
            -1.0996582508087158,
            -2.808994770050049,
            3.1266586780548096,
            -3.1384081840515137,
            -4.470667839050293,
            -3.2006256580352783,
            -13.876029014587402,
            -19.540430068969727,
            14.110383033752441,
            9.94497013092041,
            -9.64712142944336,
            0.0057103633880615234,
            0.9849340915679932,
            6.267104625701904,
            17.74776840209961,
            12.954257011413574,
            -9.094583511352539,
            3.4406216144561768,
            3.487809181213379,
            1.6475651264190674,
            -2.402665615081787,
            -0.07458806037902832,
            -6.3670334815979,
            16.91069221496582,
            -15.651437759399414,
            -9.090534210205078,
            -17.8383846282959,
            -10.923382759094238,
            -4.893699645996094,
            7.510718822479248,
            10.026881217956543,
            12.039852142333984,
            9.128098487854004,
            8.161460876464844,
            -4.600194454193115,
            -1.15380859375,
            -8.072281837463379,
            -1.0930707454681396,
            -0.4698084592819214,
            -13.977563858032227,
            -2.8221638202667236,
            -13.383344650268555,
            1.7463679313659668,
            3.1434383392333984,
            0.6118257641792297,
            4.529995441436768,
            -2.7853028774261475,
            -0.2766905725002289,
            6.494482040405273,
            -7.626957416534424,
            -8.874555587768555,
            -10.51233196258545,
            1.6475565433502197,
            -9.881170272827148,
            -12.256446838378906,
            7.474096298217773,
            1.6749746799468994,
            -7.84477424621582,
            8.516453742980957,
            2.9228384494781494,
            17.940401077270508,
            5.016732215881348,
            2.8124802112579346,
            1.9565434455871582,
            -11.5515775680542,
            -3.05157732963562,
            7.370331287384033,
            -7.367065906524658,
            -6.11923360824585,
            15.693199157714844,
            -2.4351463317871094,
            16.20728302001953,
            -1.6945838928222656,
            7.733495712280273,
            0.5849522352218628,
            -2.286858320236206,
            2.706134080886841,
            -10.062164306640625,
            3.4846794605255127,
            -2.2907586097717285,
            -12.337414741516113,
            12.44814682006836,
            6.381102085113525,
            11.983211517333984,
            -3.8487377166748047,
            16.15959358215332,
            -13.510120391845703,
            -9.102272987365723,
            -6.374019145965576,
            -9.526225090026855,
            10.745652198791504,
            -1.815753698348999,
            -10.325565338134766,
            -1.2035068273544312,
            -7.70020866394043,
            -26.992475509643555,
            2.4352903366088867,
            6.392612934112549,
            5.182723045349121,
            1.1235287189483643,
            -0.9623430371284485,
            -12.79163932800293,
            -1.9505459070205688,
            9.354375839233398,
            15.393940925598145,
            -14.060760498046875,
            -1.1474592685699463,
            -12.239253997802734,
            1.811009407043457,
            6.2239460945129395,
            -4.415124893188477,
            0.5279050469398499,
            -0.39972856640815735,
            -1.0253888368606567,
            5.7837042808532715,
            -12.122934341430664,
            12.308184623718262,
            2.658010721206665,
            -3.126332998275757,
            19.538360595703125,
            6.766704082489014,
            11.07107162475586,
            3.493628978729248,
            14.340437889099121,
            7.354322910308838,
            -14.401041984558105,
            -1.3031694889068604,
            4.40226936340332,
            -9.155986785888672,
            2.513862133026123,
            0.48809459805488586,
            -10.026448249816895,
            14.011531829833984,
            -13.398970603942871,
            6.941254615783691,
            11.514229774475098,
            11.883980751037598,
            9.133480072021484,
            -4.686779022216797,
            -10.935577392578125,
            4.146629810333252,
            -6.511664390563965,
            -6.87890100479126,
            0.7797164916992188,
            7.6573567390441895,
            16.852783203125,
            15.728677749633789,
            1.5607646703720093,
            1.4688771963119507,
            4.803009033203125,
            12.082764625549316,
            1.8219799995422363,
            -9.96626091003418,
            0.6350813508033752,
            4.04725456237793,
            2.272034168243408,
            6.256767272949219,
            7.875363826751709,
            -0.750108540058136,
            2.5255250930786133,
            2.383992910385132,
            14.299575805664062,
            -13.288191795349121,
            13.028583526611328,
            -7.255646228790283,
            0.8624147176742554,
            -3.9178662300109863,
            -5.37551736831665,
            2.8366189002990723,
